PhenoSpecs	main	2026-04-26T21:38:25Z	0
phenotype-auth-ts	main	2026-04-26T21:38:19Z	0
phenotype-hub	main	2026-04-26T21:38:13Z	0
phenotype-infra	main	2026-04-26T21:38:09Z	0
phenotype-registry	main	2026-04-26T18:42:30Z	0
phenotype-tooling	main	2026-04-26T21:43:21Z	0
phenoUtils	main	2026-04-26T17:51:11Z	0
PhenoVCS	main	2026-04-26T18:42:09Z	0
phenoXdd	main	2026-04-26T08:34:50Z	0
PlatformKit	main	2026-04-26T18:41:46Z	0
PlayCua	master	2026-04-26T21:41:52Z	0
PolicyStack	main	2026-04-26T18:41:32Z	0
projects-landing	main	2026-04-26T18:41:13Z	0
ResilienceKit	main	2026-04-26T21:41:49Z	0
Stashly	main	2026-04-26T18:40:46Z	0
Tasken	main	2026-04-26T18:40:21Z	0
TestingKit	main	2026-04-26T21:41:47Z	0
thegent	main	2026-04-26T18:39:44Z	0
thegent-landing	main	2026-04-26T18:37:59Z	0
Tokn	main	2026-04-26T18:37:54Z	0
Tracera	main	2026-04-26T18:37:40Z	0
vibeproxy-monitoring-unified	main	2026-04-26T18:36:13Z	0
