agent-devops-setups	main	2026-04-26T21:42:37Z	0
AgentMCP	main	2026-04-26T21:42:35Z	0
Agentora	main	2026-04-26T21:42:33Z	0
AgilePlus	main	2026-04-26T21:42:42Z	0
agileplus-landing	main	2026-04-26T21:42:29Z	0
Apisync	main	2026-04-25T00:52:30Z	0
argis-extensions	main	2026-04-25T17:34:28Z	0
AuthKit	main	2026-04-26T18:29:55Z	0
Benchora	main	2026-04-26T18:24:05Z	0
BytePort	main	2026-04-26T17:45:41Z	0
byteport-landing	main	2026-04-26T21:42:28Z	0
Conft	main	2026-04-26T16:45:31Z	0
DataKit	main	2026-04-26T05:54:45Z	0
DevHex	main	2026-04-26T21:42:20Z	0
Dino	main	2026-04-26T17:20:51Z	0
dinoforge-packs	main	2026-04-26T21:42:16Z	0
eyetracker	main	2026-04-26T21:42:10Z	0
FocalPoint	main	2026-04-26T18:08:01Z	0
GDK	main	2026-04-26T17:51:53Z	0
heliosApp	main	2026-04-26T18:15:56Z	0
heliosBench	main	2026-04-26T21:42:08Z	0
heliosCLI	main	2026-04-26T18:36:03Z	1
HexaKit	main	2026-04-26T18:15:16Z	0
Httpora	main	2026-04-26T12:56:10Z	0
hwLedger	main	2026-04-26T17:53:55Z	0
hwledger-landing	main	2026-04-26T21:42:05Z	0
McpKit	main	2026-04-26T18:14:07Z	0
Metron	main	2026-04-26T18:08:00Z	0
nanovms	main	2026-04-26T21:42:00Z	0
ObservabilityKit	main	2026-04-26T21:41:55Z	0
pheno	main	2026-04-26T18:15:20Z	0
PhenoAgent	main	2026-04-26T18:29:56Z	0
phenoAI	main	2026-04-26T17:51:04Z	0
PhenoCompose	main	2026-04-26T08:15:27Z	0
phenoData	main	2026-04-26T18:14:25Z	0
phenoDesign	main	2026-04-26T12:56:02Z	0
PhenoDevOps	main	2026-04-26T21:41:46Z	0
phenodocs	main	2026-04-26T17:39:41Z	0
PhenoHandbook	main	2026-04-26T21:42:06Z	0
PhenoKits	main	2026-04-26T18:15:38Z	0
phenokits-landing	main	2026-04-26T08:46:07Z	0
PhenoLang	main	2026-04-26T21:41:39Z	0
PhenoMCP	main	2026-04-26T18:30:27Z	0
PhenoObservability	main	2026-04-26T18:30:24Z	0
PhenoPlugins	main	2026-04-26T21:41:41Z	0
PhenoProc	main	2026-04-26T18:15:51Z	0
PhenoProject	main	2026-04-26T21:41:32Z	0
PhenoRuntime	main	2026-04-26T21:38:38Z	0
phenoShared	main	2026-04-26T18:33:51Z	1
PhenoSpecs	main	2026-04-26T21:38:25Z	0
phenotype-auth-ts	main	2026-04-26T21:38:19Z	0
phenotype-hub	main	2026-04-26T21:38:13Z	0
phenotype-infra	main	2026-04-26T21:38:09Z	0
phenotype-registry	main	2026-04-26T18:42:30Z	0
phenotype-tooling	main	2026-04-26T21:43:21Z	0
phenoUtils	main	2026-04-26T17:51:11Z	0
PhenoVCS	main	2026-04-26T18:42:09Z	0
phenoXdd	main	2026-04-26T08:34:50Z	0
PlatformKit	main	2026-04-26T18:41:46Z	0
PlayCua	master	2026-04-26T21:41:52Z	0
PolicyStack	main	2026-04-26T18:41:32Z	0
projects-landing	main	2026-04-26T18:41:13Z	0
ResilienceKit	main	2026-04-26T21:41:49Z	0
Stashly	main	2026-04-26T18:40:46Z	0
Tasken	main	2026-04-26T18:40:21Z	0
TestingKit	main	2026-04-26T21:41:47Z	0
thegent	main	2026-04-26T18:39:44Z	0
thegent-landing	main	2026-04-26T18:37:59Z	0
Tokn	main	2026-04-26T18:37:54Z	0
Tracera	main	2026-04-26T18:37:40Z	0
vibeproxy-monitoring-unified	main	2026-04-26T18:36:13Z	0
